video,fps,P0,P1,P2,beat_angle_deg,tip_sweep_dist_px,n_tips
healthy_15,30.0,"(300, 200)",[200. 318.],[418. 142.],156.4551530507163,280.178514522438,400
