video,fps,P0,P1,P2,beat_angle_deg,tip_sweep_dist_px,n_tips
healthy_4,60.0,"(300, 200)",[416. 120.],[209. 309.],164.4495241296257,280.30340704315387,301
