video,fps,P0,P1,P2,beat_angle_deg,tip_sweep_dist_px,n_tips
healthy_1,60.0,"(300, 200)",[385. 318.],[207. 311.],75.72422542155189,178.13758727455584,361
