video,fps,P0,P1,P2,beat_angle_deg,tip_sweep_dist_px,n_tips
healthy_3,60.0,"(300, 200)",[200. 318.],[418. 120.],164.41580314686874,294.4961799412685,361
