video,fps,P0,P1,P2,beat_angle_deg,tip_sweep_dist_px,n_tips
healthy_17,30.0,"(300, 200)",[417. 297.],[403. 318.],9.222135364101241,25.238858928247925,303
