video,fps,P0,P1,P2,beat_angle_deg,tip_sweep_dist_px,n_tips
PCD_10,30.0,"(300, 200)",[418. 291.],[419. 285.],2.1012445364476737,6.082762530298219,306
