video,fps,P0,P1,P2,beat_angle_deg,tip_sweep_dist_px,n_tips
PCD_1,25.0,"(300, 200)",[200. 131.],[219. 124.],8.570234615985333,20.248456731316587,400
