video,fps,P0,P1,P2,beat_angle_deg,tip_sweep_dist_px,n_tips
PCD_8,60.0,"(300, 200)",[418. 121.],[206. 318.],162.3431568243273,289.40110573389313,201
