video,fps,P0,P1,P2,beat_angle_deg,tip_sweep_dist_px,n_tips
PCD_9,30.0,"(300, 200)",[419. 310.],[208. 318.],85.19279424715646,211.15160430363773,280
