video,fps,P0,P1,P2,beat_angle_deg,tip_sweep_dist_px,n_tips
healthy_14,30.0,"(300, 200)",[200. 306.],[417. 316.],88.5775656749774,217.23029254687293,358
