video,fps,P0,P1,P2,beat_angle_deg,tip_sweep_dist_px,n_tips
healthy_5,25.0,"(300, 200)",[203. 120.],[200. 125.],2.643945929151739,5.830951894845301,400
