video,fps,P0,P1,P2,beat_angle_deg,tip_sweep_dist_px,n_tips
PCD_5,25.0,"(300, 200)",[210. 121.],[200. 123.],3.679670880039644,10.198039027185569,400
