video,fps,P0,P1,P2,beat_angle_deg,tip_sweep_dist_px,n_tips
PCD_3,25.0,"(300, 200)",[201. 122.],[200. 121.],0.07491039000177079,1.4142135623730951,400
